{"loss": [0.2731253206729889, 0.11817701905965805, 0.028080815449357033, 0.018624724820256233, 0.015624900348484516, 0.011949367821216583, 0.011093591339886189, 0.009233378805220127, 0.008091000840067863, 0.0068366932682693005, 0.005625739227980375, 0.004535278771072626, 0.0034657937940210104, 0.0025669655296951532, 0.0018094070255756378, 0.0012194645823910832, 0.0007916875765658915, 0.00048322216025553644, 0.0002725772210396826, 0.00014199400902725756, 7.798946899129078e-05, 4.83078183606267e-05, 3.484156695776619e-05, 2.948758083221037e-05, 2.8044285500072874e-05, 2.7168529413756914e-05, 2.6692283427109942e-05, 2.6815621822606772e-05, 2.735166526690591e-05, 2.6201239961665124e-05, 2.6775116566568613e-05, 2.6346382583142258e-05, 2.618479629745707e-05, 2.6457037165528163e-05, 2.596015838207677e-05, 2.5681629267637618e-05, 2.6439025532454252e-05, 2.721119744819589e-05, 2.6198926207143813e-05, 2.5355269826832227e-05, 2.4904658857849427e-05, 2.4858361939550377e-05, 2.470384060870856e-05, 2.4852384740370326e-05, 2.425557977403514e-05, 2.415120070509147e-05, 2.4604851205367595e-05, 2.3859711291152053e-05, 2.3767164748278446e-05, 2.3829805286368355e-05, 2.376466909481678e-05, 2.3312470148084685e-05, 2.3533388230134733e-05, 2.2969494239077903e-05, 2.3135509763960727e-05, 2.297582250321284e-05, 2.2877551600686274e-05, 2.2359356080414727e-05, 2.223982482973952e-05, 2.24336745304754e-05, 2.5428835215279832e-05, 2.1755935449618846e-05, 2.2339041606755927e-05, 2.14719711948419e-05, 2.1414281945908442e-05, 2.2105659809312783e-05, 2.097254946420435e-05, 2.065066473733168e-05, 2.0747989765368402e-05, 2.0351661078166217e-05, 2.024719833570998e-05, 2.0061337636434473e-05, 2.011086507991422e-05, 1.9627503206720576e-05, 2.045313158305362e-05, 2.00956710614264e-05, 2.051440969808027e-05, 2.0016954294987954e-05, 1.8979040760314092e-05, 1.9081080608884804e-05, 1.8492357412469573e-05, 1.8440397980157286e-05, 1.88787544175284e-05, 1.7882335669128224e-05, 1.8929493307950906e-05, 1.8193393771070987e-05, 1.7544429283589125e-05, 1.7969958207686432e-05, 1.7782766008167528e-05, 1.7221773305209354e-05, 1.7018053767969832e-05, 1.6617610526736826e-05, 1.6651960322633386e-05, 1.6100642824312672e-05, 1.6170139133464545e-05, 1.596400761627592e-05, 1.56760033860337e-05, 1.5722236639703624e-05, 1.5388892279588617e-05, 1.5064911167428363e-05], "root_mean_squared_error": [0.36965611577033997, 0.343768835067749, 0.16757331788539886, 0.1364724338054657, 0.12499959766864777, 0.10931316763162613, 0.10532611608505249, 0.09609047323465347, 0.08994998782873154, 0.08268430083990097, 0.0750049278140068, 0.06734447926282883, 0.05887099355459213, 0.0506652295589447, 0.04253712669014931, 0.034920834004879, 0.02813694253563881, 0.021982314065098763, 0.01650991290807724, 0.011916124261915684, 0.008831164799630642, 0.006950382608920336, 0.00590267451480031, 0.005430246703326702, 0.005295685492455959, 0.005212343763560057, 0.005166457500308752, 0.005178380291908979, 0.005229881964623928, 0.0051187146455049515, 0.00517446780577302, 0.005132872611284256, 0.00511710811406374, 0.00514364056289196, 0.005095111206173897, 0.0050677047111094, 0.005141889210790396, 0.00521643552929163, 0.005118488799780607, 0.005035401787608862, 0.004990456625819206, 0.004985815845429897, 0.004970295820385218, 0.004985216539353132, 0.004924995359033346, 0.004914387129247189, 0.004960327874869108, 0.004884640220552683, 0.004875157959759235, 0.004881578031927347, 0.004874901846051216, 0.004828298930078745, 0.004851122386753559, 0.004792650230228901, 0.004809938836842775, 0.004793310072273016, 0.004783048294484615, 0.004728568252176046, 0.004715912044048309, 0.0047364202328026295, 0.005042701028287411, 0.004664325620979071, 0.0047264196909964085, 0.00463378569111228, 0.004627557005733252, 0.004701665602624416, 0.004579579457640648, 0.004544300027191639, 0.004554996266961098, 0.004511281382292509, 0.004499688744544983, 0.004478988237679005, 0.004484513774514198, 0.004430294036865234, 0.004522514063864946, 0.004482819698750973, 0.004529283381998539, 0.004474031273275614, 0.004356494173407555, 0.004368189722299576, 0.004300273954868317, 0.0042942282743752, 0.004344969056546688, 0.004228751175105572, 0.004350803792476654, 0.00426537124440074, 0.004188606981188059, 0.004239098634570837, 0.004216961562633514, 0.004149912390857935, 0.004125294275581837, 0.0040764701552689075, 0.004080681130290031, 0.004012560471892357, 0.004021211061626673, 0.003995498642325401, 0.003959293477237225, 0.003965127747505903, 0.003922868054360151, 0.0038813543505966663], "mean_absolute_percentage_error": [43.23232650756836, 48.71540451049805, 26.08795166015625, 32.1459846496582, 29.18932342529297, 22.543245315551758, 21.02469253540039, 20.99075698852539, 20.325302124023438, 18.25897216796875, 16.350318908691406, 15.138374328613281, 12.979411125183105, 11.23440933227539, 9.613520622253418, 7.696265697479248, 6.437838077545166, 4.941318511962891, 3.7641780376434326, 2.750014305114746, 2.0170445442199707, 1.5565686225891113, 1.3017927408218384, 1.1936793327331543, 1.1404215097427368, 1.1204931735992432, 1.0857558250427246, 1.1060856580734253, 1.0714658498764038, 1.0777757167816162, 1.1095372438430786, 1.0690057277679443, 1.0861784219741821, 1.102352261543274, 1.0728367567062378, 1.0717600584030151, 1.106332540512085, 1.0591884851455688, 1.1068642139434814, 1.0465859174728394, 1.0580097436904907, 1.05986487865448, 1.0451202392578125, 1.04800283908844, 1.0485036373138428, 1.0408436059951782, 1.0351669788360596, 1.0431886911392212, 1.0288087129592896, 1.035720705986023, 1.010627269744873, 1.0249720811843872, 1.0362716913223267, 1.0212576389312744, 1.024869441986084, 1.036981463432312, 1.0060811042785645, 1.0052882432937622, 1.009493350982666, 0.9581556916236877, 1.0495895147323608, 0.9729522466659546, 0.9699558615684509, 0.9911132454872131, 0.9524636268615723, 0.9802197813987732, 0.9611538648605347, 0.9386983513832092, 0.9606438279151917, 0.9360626339912415, 0.9549814462661743, 0.9536855220794678, 0.9200378656387329, 0.9428403377532959, 0.9377075433731079, 0.9626950025558472, 0.9259673953056335, 0.9394310712814331, 0.9388577342033386, 0.9310411214828491, 0.9001175165176392, 0.8767521381378174, 0.9188433885574341, 0.8914781212806702, 0.8776842951774597, 0.9047065377235413, 0.884428858757019, 0.8805403113365173, 0.8651705980300903, 0.874377965927124, 0.8762043118476868, 0.8733041286468506, 0.8684341907501221, 0.8491001129150391, 0.8591590523719788, 0.8391954898834229, 0.8460237979888916, 0.8296377062797546, 0.8168815970420837, 0.8262273669242859]}