{"loss": [0.7003720998764038, 0.6001381278038025, 0.48174187541007996, 0.3385435938835144, 0.18020020425319672, 0.05020735785365105, 0.005965552292764187, 0.010690158233046532, 0.005122248083353043, 0.004426961299031973, 0.004453735891729593, 0.00394870201125741, 0.003915959503501654, 0.0038393638096749783, 0.003806301625445485, 0.003760239342227578, 0.003674241714179516, 0.0036332227755337954, 0.0035859602503478527, 0.00350059918127954, 0.0034406622871756554, 0.0033824234269559383, 0.0033267904072999954, 0.00326658901758492, 0.0032140265684574842, 0.003121652640402317, 0.003052852116525173, 0.002990046516060829, 0.0029209291096776724, 0.0028784398455172777, 0.0027786814607679844, 0.0027416395023465157, 0.002685901941731572, 0.0026085730642080307, 0.002527945674955845, 0.002447252394631505, 0.0023736145813018084, 0.0023068441078066826, 0.0022553347516804934, 0.002181082032620907, 0.0021414589136838913, 0.0021059990394860506, 0.0019998273346573114, 0.0019598230719566345, 0.001891053863801062, 0.0018295749323442578, 0.001773059368133545, 0.0017313550924882293, 0.0016525516984984279, 0.0016153836622834206, 0.001559695927426219, 0.0014985513407737017, 0.0014459179947152734, 0.0013966660480946302, 0.001355441170744598, 0.0012947748182341456, 0.0012550593819469213, 0.001192500931210816, 0.0011310927802696824, 0.0010801615426316857, 0.0010446897940710187, 0.001004895311780274, 0.0009709866135381162, 0.0009328891173936427, 0.0008926169248297811, 0.0008508237078785896, 0.0008231130195781589, 0.0007903375662863255, 0.000761092291213572, 0.0007239770493470132, 0.0006955131539143622, 0.0006523802294395864, 0.000620944076217711, 0.000592430355027318, 0.0005571941728703678, 0.0005321467178873718, 0.0005104579613544047, 0.0004947465495206416, 0.00047618779353797436, 0.0004581351822707802, 0.00044607336167246103, 0.00042940370622090995, 0.000415556482039392, 0.0004016347520519048, 0.00039236637530848384, 0.00037818439886905253, 0.0003707186260726303, 0.0003566856903489679, 0.000349399633705616, 0.0003402208676561713, 0.00032947256113402545, 0.0003232472517993301, 0.00031583034433424473, 0.00031042081536725163, 0.00030325367697514594, 0.00029520218959078193, 0.00029015218024142087, 0.0002845092094503343, 0.00028029747772961855, 0.00027564787887968123], "root_mean_squared_error": [0.8368823528289795, 0.774685800075531, 0.6940762996673584, 0.5818449854850769, 0.4244999587535858, 0.2240699827671051, 0.07723698765039444, 0.10339321941137314, 0.07156988233327866, 0.06653541326522827, 0.06673631817102432, 0.06283869594335556, 0.06257762759923935, 0.06196260079741478, 0.06169523298740387, 0.06132078915834427, 0.060615524649620056, 0.06027622148394585, 0.059882886707782745, 0.05916586145758629, 0.05865715816617012, 0.05815860629081726, 0.057678334414958954, 0.057154081761837006, 0.05669238418340683, 0.05587175115942955, 0.055252619087696075, 0.05468131601810455, 0.05404562130570412, 0.05365109443664551, 0.05271320044994354, 0.052360668778419495, 0.051825687289237976, 0.05107419192790985, 0.0502786785364151, 0.0494697131216526, 0.04871975630521774, 0.048029616475105286, 0.04749036580324173, 0.046702057123184204, 0.046275898814201355, 0.0458911657333374, 0.044719427824020386, 0.04426988959312439, 0.04348624870181084, 0.0427735298871994, 0.0421077124774456, 0.04160955548286438, 0.0406515896320343, 0.04019183665513992, 0.03949298709630966, 0.038711126893758774, 0.038025230169296265, 0.03737199679017067, 0.0368163175880909, 0.03598298132419586, 0.03542681783437729, 0.03453260660171509, 0.03363172337412834, 0.03286581113934517, 0.032321661710739136, 0.03170008212327957, 0.031160658225417137, 0.030543234199285507, 0.029876695945858955, 0.029168883338570595, 0.028689946979284286, 0.02811294235289097, 0.027587901800870895, 0.026906821876764297, 0.026372583582997322, 0.02554173581302166, 0.024918749928474426, 0.024339891970157623, 0.02360496111214161, 0.023068305104970932, 0.022593317553400993, 0.022242898121476173, 0.021821727976202965, 0.021404093131422997, 0.021120449528098106, 0.020722057670354843, 0.020385202020406723, 0.020040826871991158, 0.019808240234851837, 0.01944696344435215, 0.019254054874181747, 0.018886124715209007, 0.01869223453104496, 0.018445076420903206, 0.018151378259062767, 0.017979077994823456, 0.017771616578102112, 0.017618762329220772, 0.01741418056190014, 0.01718144863843918, 0.017033854499459267, 0.01686740107834339, 0.01674208790063858, 0.016602646559476852], "mean_absolute_percentage_error": [99.54513549804688, 100.92247009277344, 103.82699584960938, 106.52137756347656, 107.83261108398438, 104.17407989501953, 115.37581634521484, 130.36703491210938, 119.25159454345703, 113.0707015991211, 112.5549545288086, 112.92228698730469, 113.00006866455078, 112.19860076904297, 111.30197143554688, 110.10511779785156, 109.87434387207031, 109.54817199707031, 108.83316802978516, 107.78460693359375, 107.16709899902344, 106.16767120361328, 105.53929901123047, 104.85255432128906, 104.11743927001953, 102.53974914550781, 101.69612884521484, 101.1536865234375, 100.154052734375, 98.90254974365234, 98.08363342285156, 97.4787826538086, 96.17713165283203, 95.39627075195312, 94.4102554321289, 93.0385971069336, 91.68607330322266, 91.00504302978516, 90.23158264160156, 88.9874267578125, 87.72515869140625, 87.33394622802734, 85.60774993896484, 84.69686889648438, 84.12212371826172, 83.04546356201172, 82.03907012939453, 81.15362548828125, 79.92630767822266, 78.98963165283203, 77.80950164794922, 76.93026733398438, 75.76028442382812, 74.72351837158203, 73.91996765136719, 72.70437622070312, 71.71711730957031, 70.3795166015625, 69.10997772216797, 67.7987060546875, 66.97589111328125, 66.03274536132812, 65.1081771850586, 64.12549591064453, 63.080867767333984, 62.03386688232422, 61.288787841796875, 60.23920440673828, 59.58464050292969, 58.26316452026367, 57.2828483581543, 56.032569885253906, 54.89436721801758, 53.829227447509766, 52.63772201538086, 51.706050872802734, 50.754661560058594, 50.1777458190918, 49.30720138549805, 48.52863311767578, 48.032203674316406, 47.211673736572266, 46.5623893737793, 45.82809829711914, 45.36949920654297, 44.56420135498047, 44.14423751831055, 43.39140701293945, 42.882080078125, 42.37111282348633, 41.71934509277344, 41.23841094970703, 40.74238967895508, 40.298980712890625, 39.8060188293457, 39.24944305419922, 38.80570983886719, 38.367042541503906, 37.95608139038086, 37.596473693847656]}