{"loss": [0.2982980012893677, 0.24963736534118652, 0.19501625001430511, 0.1371244192123413, 0.07730967551469803, 0.03457560017704964, 0.02415616437792778, 0.023724470287561417, 0.019251151010394096, 0.017743470147252083, 0.015485069714486599, 0.01294240914285183, 0.010968665592372417, 0.00887696910649538, 0.007143455091863871, 0.005520700477063656, 0.004143799189478159, 0.0030510886572301388, 0.002258444204926491, 0.0016484911320731044, 0.001232124282978475, 0.0009424329036846757, 0.0007854093564674258, 0.0007050483836792409, 0.0006681177765130997, 0.0006362880812957883, 0.0006245970143936574, 0.0006083869957365096, 0.0005980684072710574, 0.0005920981639064848, 0.0005819221260026097, 0.0005698544555343688, 0.0005577342235483229, 0.0005532283685170114, 0.0005401915404945612, 0.0005312100402079523, 0.0005210217786952853, 0.0005128466873429716, 0.000517259119078517, 0.0005124688032083213, 0.00048187340144068, 0.00047272202209569514, 0.00046539586037397385, 0.00045562488958239555, 0.00045177401625551283, 0.00044424677616916597, 0.00042939360719174147, 0.0004152377659920603, 0.00040234922198578715, 0.0003959554887842387, 0.00038734343252144754, 0.0003754176141228527, 0.000366328313248232, 0.0003587444080039859, 0.00034985816455446184, 0.00033328350400552154, 0.00033057283144444227, 0.0003179554478265345, 0.00030306802364066243, 0.0002952651120722294, 0.0002841786772478372, 0.00027385816792957485, 0.00027021090500056744, 0.0002702075580600649, 0.0002528591430746019, 0.00024398311506956816, 0.00023743267229292542, 0.0002182002499466762, 0.00021215325978118926, 0.00020325419609434903, 0.0001969879522221163, 0.00018825447477865964, 0.00017686464707367122, 0.00017497464432381094, 0.00017333831056021154, 0.00016676691302563995, 0.00015570470714010298, 0.0001449469564249739, 0.00013581929670181125, 0.00012953135592397302, 0.0001223716390086338, 0.00011556141544133425, 0.00011076039663748816, 0.00010537806520005688, 9.843190491665155e-05, 9.314994531450793e-05, 8.802628144621849e-05, 8.320940105477348e-05, 8.375036850338802e-05, 7.652516796952114e-05, 6.937389844097197e-05, 6.424543244065717e-05, 6.100492464611307e-05, 5.675529610016383e-05, 5.248676097835414e-05, 5.012952533434145e-05, 4.629845716408454e-05, 4.261391586624086e-05, 3.928306250600144e-05, 3.7355948734330013e-05], "RMSE": [0.5461666584014893, 0.499637246131897, 0.44160646200180054, 0.3703031539916992, 0.278046190738678, 0.18594516813755035, 0.15542253851890564, 0.15402749180793762, 0.13874852657318115, 0.1332046240568161, 0.12443901598453522, 0.11376471072435379, 0.10473139584064484, 0.09421767294406891, 0.08451896160840988, 0.07430141419172287, 0.06437235325574875, 0.055236659944057465, 0.04752309247851372, 0.040601614862680435, 0.03510162979364395, 0.030699068680405617, 0.028025155887007713, 0.026552747935056686, 0.02584797516465187, 0.025224752724170685, 0.024991938844323158, 0.024665500968694687, 0.024455437436699867, 0.02433306723833084, 0.024123063310980797, 0.02387162484228611, 0.023616397753357887, 0.023520806804299355, 0.023242022842168808, 0.023047994822263718, 0.022825900465250015, 0.022646117955446243, 0.022743331268429756, 0.02263777330517769, 0.021951615810394287, 0.021742170676589012, 0.021573036909103394, 0.02134537138044834, 0.021254975348711014, 0.021077163517475128, 0.020721815526485443, 0.02037738263607025, 0.0200586449354887, 0.019898630678653717, 0.019681042060256004, 0.019375696778297424, 0.01913970522582531, 0.018940549343824387, 0.018704496324062347, 0.01825605519115925, 0.018181663006544113, 0.017831305041909218, 0.01740884967148304, 0.017183279618620872, 0.016857599839568138, 0.01654866151511669, 0.016438093036413193, 0.016437992453575134, 0.01590154506266117, 0.015619958750903606, 0.015408850274980068, 0.014771603979170322, 0.014565481804311275, 0.014256725087761879, 0.014035239815711975, 0.013720585964620113, 0.013299047015607357, 0.013227798044681549, 0.013165800832211971, 0.01291382685303688, 0.012478169053792953, 0.01203939225524664, 0.011654154397547245, 0.011381184682250023, 0.011062171310186386, 0.01074995007365942, 0.01052427664399147, 0.010265382006764412, 0.009921286255121231, 0.009651422500610352, 0.009382232092320919, 0.009121919050812721, 0.009151523001492023, 0.008747866377234459, 0.008329099044203758, 0.008015325292944908, 0.007810564711689949, 0.007533610798418522, 0.007244774606078863, 0.0070802210830152035, 0.006804297212511301, 0.00652793375775218, 0.006267620716243982, 0.006111951544880867], "MAPE": [66814.078125, 215338.484375, 389477.40625, 548906.25, 684480.625, 930076.25, 1110783.125, 1199025.25, 1078633.125, 954461.5, 914055.6875, 907591.625, 872662.625, 797931.0625, 718869.0625, 670888.3125, 581936.125, 555538.4375, 488427.875, 410819.15625, 386897.875, 348033.875, 317954.59375, 294667.03125, 266347.46875, 264613.4375, 253626.03125, 250148.734375, 247183.015625, 242696.25, 242291.75, 238159.640625, 237471.59375, 236788.328125, 235794.375, 233979.59375, 233772.359375, 232511.921875, 228140.984375, 225266.140625, 221553.734375, 218859.453125, 213059.125, 208718.203125, 211408.265625, 204659.984375, 207127.375, 207203.046875, 202540.34375, 204984.296875, 200214.53125, 200290.828125, 198226.46875, 196355.125, 188594.53125, 177963.96875, 172072.296875, 177164.53125, 172249.109375, 167993.109375, 160798.28125, 164698.171875, 160840.078125, 160168.40625, 154325.640625, 152189.046875, 146151.65625, 146813.375, 141514.390625, 142843.359375, 137152.203125, 138520.234375, 133201.4375, 132072.828125, 126308.296875, 134960.734375, 123492.4609375, 122037.3125, 119266.09375, 118358.1796875, 115984.7421875, 105910.7265625, 100687.0390625, 99080.9140625, 98107.828125, 98258.3671875, 93197.546875, 92612.7578125, 86504.1328125, 91127.140625, 87654.3203125, 79241.03125, 76595.703125, 75072.8671875, 72629.75, 69578.078125, 72433.7578125, 69195.6328125, 62557.35546875, 62720.7109375]}