{"loss": [0.729863166809082, 0.6193764805793762, 0.4910372793674469, 0.3380017876625061, 0.1726270318031311, 0.041693005710840225, 0.0034831177908927202, 0.008282234892249107, 0.002177035203203559, 0.0016664211871102452, 0.0014796069590374827, 0.0012313498882576823, 0.0012676711194217205, 0.0012219049967825413, 0.0012148682726547122, 0.0012083587935194373, 0.001199263264425099, 0.0011932940687984228, 0.0011828417191281915, 0.0011804265668615699, 0.0011659156298264861, 0.0011650379747152328, 0.0011404933175072074, 0.0011373162269592285, 0.0011266142828390002, 0.0011146743781864643, 0.001109550823457539, 0.0010976727353408933, 0.001085013383999467, 0.001073624356649816, 0.0010596871143206954, 0.0010482888901606202, 0.001040549366734922, 0.0010333475656807423, 0.0010163859697058797, 0.0010069389827549458, 0.0009925084887072444, 0.000981649151071906, 0.0009718969231471419, 0.000960294739343226, 0.0009463076130487025, 0.0009266135166399181, 0.000925168686080724, 0.0009428461780771613, 0.0009099804447032511, 0.0008836934575811028, 0.000885911809746176, 0.0008529801270924509, 0.000866489892359823, 0.0008252543048001826, 0.0008161008008755744, 0.0008336417376995087, 0.0007954032626003027, 0.0008057982777245343, 0.000770190148614347, 0.000753818079829216, 0.0007455098675563931, 0.0007330607040785253, 0.0007372627151198685, 0.0007009883411228657, 0.0007507320260629058, 0.0007055490859784186, 0.0006709601730108261, 0.0006600116030313075, 0.0006427408079616725, 0.0006307677831500769, 0.0006184849189594388, 0.0006036668200977147, 0.0005886879516765475, 0.0005778585909865797, 0.0005649474915117025, 0.0005524299922399223, 0.0005622131284326315, 0.0005370875587686896, 0.0005163855967111886, 0.0005036341608501971, 0.000495291082188487, 0.0004799870075657964, 0.0004743096651509404, 0.00046851782826706767, 0.0004437938332557678, 0.0004319504660088569, 0.0004363973857834935, 0.00042798827053047717, 0.0004111830785404891, 0.00039131619269028306, 0.0003794309450313449, 0.00036717118928208947, 0.00036153185646981, 0.0003494113916531205, 0.0003439177817199379, 0.0003383440780453384, 0.00031941867200657725, 0.00031695846701040864, 0.00029954779893159866, 0.0002893728669732809, 0.0002809063589666039, 0.00027274934109300375, 0.00027151210815645754, 0.00025833319523371756], "root_mean_squared_error": [0.8543202877044678, 0.7870047688484192, 0.7007405161857605, 0.581379234790802, 0.41548410058021545, 0.20418864488601685, 0.05901794508099556, 0.09100678563117981, 0.0466587096452713, 0.040821824222803116, 0.03846566006541252, 0.03509059548377991, 0.03560436889529228, 0.03495575860142708, 0.034854959696531296, 0.0347614549100399, 0.03463038057088852, 0.03454408794641495, 0.03439246490597725, 0.03435733541846275, 0.03414550796151161, 0.03413265198469162, 0.03377119079232216, 0.033724118024110794, 0.03356507420539856, 0.03338674083352089, 0.033309921622276306, 0.03313114494085312, 0.03293954208493233, 0.03276620805263519, 0.03255283460021019, 0.03237729147076607, 0.03225754573941231, 0.032145723700523376, 0.031880807131528854, 0.03173230215907097, 0.03150410205125809, 0.03133128210902214, 0.031175261363387108, 0.030988622456789017, 0.030762113630771637, 0.030440326780080795, 0.030416585505008698, 0.030705800279974937, 0.030165882781147957, 0.02972698211669922, 0.029764270409941673, 0.029205823317170143, 0.029436200857162476, 0.02872723899781704, 0.02856747806072235, 0.028872855007648468, 0.02820289507508278, 0.028386585414409637, 0.02775230072438717, 0.02745574712753296, 0.0273040272295475, 0.027075093239545822, 0.02715258300304413, 0.026476183906197548, 0.027399489656090736, 0.026562174782156944, 0.025902898982167244, 0.02569069154560566, 0.02535233274102211, 0.02511509135365486, 0.02486935630440712, 0.02456963248550892, 0.024262892082333565, 0.024038689211010933, 0.023768624290823936, 0.023503828793764114, 0.023711033165454865, 0.023175150156021118, 0.022724119946360588, 0.022441795095801353, 0.02225513570010662, 0.021908605471253395, 0.02177865244448185, 0.02164527215063572, 0.021066414192318916, 0.02078341878950596, 0.0208901260048151, 0.020687878131866455, 0.02027764916419983, 0.01978171430528164, 0.019478987902402878, 0.019161712378263474, 0.019013991579413414, 0.01869254931807518, 0.01854502037167549, 0.01839413121342659, 0.017872286960482597, 0.01780332811176777, 0.017307449132204056, 0.017010962590575218, 0.016760261729359627, 0.016515124589204788, 0.01647762395441532, 0.016072746366262436], "mean_absolute_percentage_error": [97.20864868164062, 89.46688842773438, 79.49118041992188, 65.66858673095703, 46.365028381347656, 21.326345443725586, 5.846076011657715, 10.176786422729492, 4.532204627990723, 4.065675735473633, 3.880061388015747, 3.549617290496826, 3.5552008152008057, 3.557060718536377, 3.5705411434173584, 3.5520212650299072, 3.5556530952453613, 3.5614778995513916, 3.513911008834839, 3.480860471725464, 3.5108630657196045, 3.5271832942962646, 3.463897466659546, 3.4269773960113525, 3.4177560806274414, 3.4261507987976074, 3.4393200874328613, 3.411600112915039, 3.354915142059326, 3.3458340167999268, 3.325993776321411, 3.3272674083709717, 3.296924114227295, 3.29184627532959, 3.2648587226867676, 3.221498966217041, 3.2264387607574463, 3.219184160232544, 3.173949718475342, 3.1406822204589844, 3.1608946323394775, 3.098660707473755, 3.1088197231292725, 3.174931049346924, 3.0101945400238037, 3.0081417560577393, 3.077603578567505, 2.9732141494750977, 3.0318126678466797, 2.9428274631500244, 2.9037933349609375, 2.999178171157837, 2.9046576023101807, 2.817847728729248, 2.8510324954986572, 2.8090708255767822, 2.755702018737793, 2.790674924850464, 2.7120461463928223, 2.6707468032836914, 2.8082611560821533, 2.6667003631591797, 2.5749330520629883, 2.6546168327331543, 2.5530288219451904, 2.545858860015869, 2.567556142807007, 2.4984471797943115, 2.4949676990509033, 2.4524853229522705, 2.4451234340667725, 2.4197614192962646, 2.355320453643799, 2.3991448879241943, 2.327629566192627, 2.2668237686157227, 2.2805521488189697, 2.252668619155884, 2.249793529510498, 2.1655750274658203, 2.1481099128723145, 2.110488176345825, 2.161728858947754, 2.0481321811676025, 2.0815629959106445, 2.007643461227417, 1.9981905221939087, 1.9618998765945435, 1.940264344215393, 1.8844088315963745, 1.8865095376968384, 1.829046607017517, 1.8381555080413818, 1.841936707496643, 1.7806018590927124, 1.7452921867370605, 1.7065761089324951, 1.6881107091903687, 1.6229326725006104, 1.653656244277954]}