{"loss": [0.36607199907302856, 0.3022959530353546, 0.23216919600963593, 0.1529293656349182, 0.07642065733671188, 0.025260286405682564, 0.018328137695789337, 0.01865454576909542, 0.01551070250570774, 0.01424528006464243, 0.013142324052751064, 0.012096816673874855, 0.011005572974681854, 0.009894836694002151, 0.008991597220301628, 0.008007096126675606, 0.007049480453133583, 0.006100544705986977, 0.005219509359449148, 0.004459172487258911, 0.0036846220027655363, 0.0030844579450786114, 0.0024852484930306673, 0.0020249972585588694, 0.0016203235136345029, 0.001281416043639183, 0.0010395161807537079, 0.0008255861466750503, 0.0006668787682428956, 0.0005570850917138159, 0.00048385310219600797, 0.0004381592443678528, 0.0004109401779714972, 0.00038752343971282244, 0.0003782091662287712, 0.00036872399505227804, 0.0003602462529670447, 0.00035659916466102004, 0.0003592778812162578, 0.00034832675009965897, 0.0003497542638797313, 0.00034746460733003914, 0.0003379371191840619, 0.0003374251537024975, 0.00033200191683135927, 0.0003374578955117613, 0.00032663284218870103, 0.0003251209273003042, 0.00032630388159304857, 0.0003255644114688039, 0.0003160547057632357, 0.00031596209737472236, 0.00031183904502540827, 0.00030774425249546766, 0.0003102162154391408, 0.0003042857570108026, 0.0003019082359969616, 0.0002949366462416947, 0.0002996353432536125, 0.0003102426999248564, 0.0002972042711917311, 0.00030475854873657227, 0.0002810992591548711, 0.000279772822977975, 0.00027389932074584067, 0.0002706986269913614, 0.00026819505728781223, 0.00026790020638145506, 0.0002726790262386203, 0.0002643651678226888, 0.0002715648151934147, 0.0002542368893045932, 0.0002513673098292202, 0.0002518296241760254, 0.0002504091535229236, 0.00024308738647960126, 0.00023961786064319313, 0.00024364140699617565, 0.00023269849771168083, 0.00022993185848463327, 0.0002259669272461906, 0.00022312467626761645, 0.00022070601698942482, 0.0002177856513299048, 0.00021645028027705848, 0.0002171346714021638, 0.00020927446894347668, 0.00020766782108694315, 0.0002094767987728119, 0.00020887132268399, 0.00019797067216131836, 0.0001954985928023234, 0.0001915576431201771, 0.0001866991660790518, 0.00018477851699572057, 0.00018372795602772385, 0.00017922573897521943, 0.00017921216203831136, 0.00017788044351618737, 0.0001701131695881486], "root_mean_squared_error": [0.6050388216972351, 0.5498144626617432, 0.4818393886089325, 0.39106184244155884, 0.27644285559654236, 0.1589348465204239, 0.13538144528865814, 0.1365816444158554, 0.12454196810722351, 0.11935359239578247, 0.11463997513055801, 0.10998553037643433, 0.10490745306015015, 0.09947279095649719, 0.09482403099536896, 0.089482381939888, 0.08396118134260178, 0.07810598611831665, 0.07224617153406143, 0.06677703559398651, 0.06070108711719513, 0.05553789809346199, 0.049852266907691956, 0.04499996826052666, 0.04025324061512947, 0.0357968732714653, 0.03224152699112892, 0.028733015060424805, 0.02582399547100067, 0.023602649569511414, 0.02199666202068329, 0.020932253450155258, 0.020271658897399902, 0.019685614854097366, 0.019447600468993187, 0.019202187657356262, 0.018980154767632484, 0.018883833661675453, 0.018954627215862274, 0.018663514405488968, 0.018701719120144844, 0.01864040270447731, 0.01838306523859501, 0.01836913637816906, 0.018220920115709305, 0.018370026722550392, 0.018072986975312233, 0.018031109124422073, 0.01806388422846794, 0.018043404445052147, 0.017777927219867706, 0.01777532324194908, 0.017658965662121773, 0.01754264160990715, 0.01761295646429062, 0.017443789169192314, 0.017375506460666656, 0.01717372052371502, 0.01730997860431671, 0.01761370711028576, 0.017239613458514214, 0.01745733432471752, 0.0167660154402256, 0.016726410016417503, 0.01654990389943123, 0.01645292155444622, 0.016376661136746407, 0.016367657110095024, 0.016512995585799217, 0.016259310767054558, 0.01647922396659851, 0.01594480685889721, 0.015854567289352417, 0.015869140625, 0.015824321657419205, 0.01559126004576683, 0.01547959540039301, 0.01560901664197445, 0.015254458412528038, 0.015163504518568516, 0.015032196417450905, 0.014937357977032661, 0.014856177382171154, 0.014757562428712845, 0.014712248928844929, 0.014735490083694458, 0.014466322027146816, 0.014410683885216713, 0.014473313465714455, 0.014452381059527397, 0.014070205390453339, 0.013982080854475498, 0.013840435072779655, 0.013663790188729763, 0.013593326322734356, 0.013554628938436508, 0.013387521728873253, 0.013387015089392662, 0.013337182812392712, 0.013042744249105453], "mean_absolute_percentage_error": [95.99092864990234, 84.78512573242188, 71.31197357177734, 54.87751388549805, 37.37192916870117, 27.58629035949707, 31.07636833190918, 32.27407455444336, 27.779386520385742, 25.554580688476562, 24.772594451904297, 24.52179527282715, 23.68214988708496, 22.13872718811035, 20.978755950927734, 19.96551513671875, 19.178945541381836, 17.70440673828125, 16.494321823120117, 15.46530818939209, 14.018223762512207, 12.91114616394043, 11.64814281463623, 10.584635734558105, 9.459856033325195, 8.454920768737793, 7.632773399353027, 6.830990314483643, 6.122861862182617, 5.578158855438232, 5.209457874298096, 4.947778701782227, 4.764188766479492, 4.585392951965332, 4.497003078460693, 4.383903503417969, 4.290910720825195, 4.214181900024414, 4.269931793212891, 4.1086320877075195, 4.102044582366943, 4.0701751708984375, 4.081464767456055, 4.055563926696777, 3.997081995010376, 3.948577404022217, 3.9861738681793213, 3.9392499923706055, 3.995973825454712, 3.8772711753845215, 3.933393955230713, 3.8797247409820557, 3.9011664390563965, 3.85562801361084, 3.7556512355804443, 3.8395142555236816, 3.7417564392089844, 3.7399301528930664, 3.82289981842041, 3.6765332221984863, 3.816521644592285, 3.6247851848602295, 3.721029281616211, 3.6813066005706787, 3.6571273803710938, 3.6407880783081055, 3.6298789978027344, 3.6554675102233887, 3.5326714515686035, 3.610247850418091, 3.4599978923797607, 3.507319688796997, 3.505092144012451, 3.437483072280884, 3.5033535957336426, 3.4099619388580322, 3.3951382637023926, 3.453026294708252, 3.3323118686676025, 3.3375320434570312, 3.3091115951538086, 3.309478521347046, 3.3010752201080322, 3.296700954437256, 3.290532112121582, 3.21640944480896, 3.1974992752075195, 3.1873342990875244, 3.0791728496551514, 3.1885385513305664, 3.051520586013794, 2.9709320068359375, 3.0257089138031006, 2.9638476371765137, 2.9927403926849365, 2.933032274246216, 2.966766119003296, 2.882523536682129, 2.9311776161193848, 2.8462014198303223]}