{"loss": [0.3372170925140381, 0.2815489172935486, 0.2192048579454422, 0.14773181080818176, 0.07382741570472717, 0.02500469610095024, 0.016345806419849396, 0.016479860991239548, 0.013512099161744118, 0.012762010097503662, 0.01179791521281004, 0.01078156940639019, 0.009783160872757435, 0.008955960161983967, 0.007993066683411598, 0.007125168573111296, 0.006224701181054115, 0.005431359633803368, 0.0046946583315730095, 0.004020530264824629, 0.0033824152778834105, 0.002828276949003339, 0.0023290454410016537, 0.001849450869485736, 0.0014893817715346813, 0.0011793045559898019, 0.0009369416511617601, 0.0007455620216205716, 0.0006116527365520597, 0.0005063260323368013, 0.0004273083177395165, 0.0003698846267070621, 0.00033313152380287647, 0.00031543176737613976, 0.0003020161821041256, 0.0002890037721954286, 0.0002808308054227382, 0.00027445200248621404, 0.0002720088232308626, 0.00026779010659083724, 0.0002662928309291601, 0.0002662600891198963, 0.0002672729024197906, 0.0002626584318932146, 0.0002607240458019078, 0.00026128231547772884, 0.00025766188628040254, 0.0002564493624959141, 0.0002563185407780111, 0.0002531278587412089, 0.0002530720375943929, 0.00025186335551552474, 0.00024807837326079607, 0.0002465190482325852, 0.00024851266061887145, 0.000251644232776016, 0.00024323097022715956, 0.00024187927192542702, 0.00024296896299347281, 0.0002487305027898401, 0.00024234148440882564, 0.00023889743897598237, 0.00023673543182667345, 0.00024132653197739273, 0.0002371670416323468, 0.00024296343326568604, 0.00022553456074092537, 0.00022433399863075465, 0.00022255304793361574, 0.00022351114603225142, 0.00022180686937645078, 0.00021769882005173713, 0.00021649213158525527, 0.00022049251128919423, 0.00021892965014558285, 0.0002113712835125625, 0.00020924706768710166, 0.00020685022172983736, 0.00020910179591737688, 0.00020549973123706877, 0.00020207956549711525, 0.00019961748330388218, 0.00019885855726897717, 0.0002009480813285336, 0.00019609485752880573, 0.00019267681636847556, 0.00019121143850497901, 0.00019021780462935567, 0.00018670759163796902, 0.00018666271353140473, 0.00018490335787646472, 0.00018662777438294142, 0.00017970101907849312, 0.00017776161257643253, 0.0001788511435734108, 0.00017414109606761485, 0.0001714654645184055, 0.00017034506890922785, 0.00017196360568050295, 0.00016592207248322666], "root_mean_squared_error": [0.5807039737701416, 0.5306118130683899, 0.4681931734085083, 0.3843589723110199, 0.2717120051383972, 0.1581287384033203, 0.1278507262468338, 0.1283739060163498, 0.11624155193567276, 0.11296907067298889, 0.10861820727586746, 0.10383433848619461, 0.09890986233949661, 0.09463593363761902, 0.08940394967794418, 0.08441071212291718, 0.07889677584171295, 0.0736977607011795, 0.06851757317781448, 0.06340765208005905, 0.05815853551030159, 0.05318154767155647, 0.04826018586754799, 0.04300524294376373, 0.03859250992536545, 0.034341003745794296, 0.030609503388404846, 0.027304980903863907, 0.02473161369562149, 0.022501690313220024, 0.020671436563134193, 0.019232384860515594, 0.018251890316605568, 0.017760399729013443, 0.017378613352775574, 0.0170001108199358, 0.016758007928729057, 0.016566593199968338, 0.01649269089102745, 0.016364293172955513, 0.016318481415510178, 0.016317477449774742, 0.01634848304092884, 0.016206739470362663, 0.016146952286362648, 0.016164230182766914, 0.016051849350333214, 0.016014035791158676, 0.016009951010346413, 0.015909992158412933, 0.015908237546682358, 0.01587020419538021, 0.015750503167510033, 0.015700925141572952, 0.015764284878969193, 0.015863297507166862, 0.015595863573253155, 0.015552468597888947, 0.015587462112307549, 0.01577119156718254, 0.015567321330308914, 0.01545630767941475, 0.015386208891868591, 0.015534687787294388, 0.015400229021906853, 0.015587284229695797, 0.01501780841499567, 0.014977783896028996, 0.014918211847543716, 0.014950289390981197, 0.01489318162202835, 0.014754620380699635, 0.014713671989738941, 0.014848990365862846, 0.014796271920204163, 0.014538613148033619, 0.014465374872088432, 0.014382288791239262, 0.014460352249443531, 0.014335261657834053, 0.014215469360351562, 0.014128604903817177, 0.014101721346378326, 0.014175615273416042, 0.014003387652337551, 0.013880807906389236, 0.013827922753989697, 0.013791946694254875, 0.01366409845650196, 0.013662456534802914, 0.01359791774302721, 0.013661177828907967, 0.013405260629951954, 0.013332727365195751, 0.013373523950576782, 0.013196253217756748, 0.013094482012093067, 0.013051630929112434, 0.013113489374518394, 0.012881074100732803], "mean_absolute_percentage_error": [95.6546859741211, 85.30722045898438, 72.10435485839844, 55.43031311035156, 36.165531158447266, 24.82111930847168, 29.33590316772461, 30.274490356445312, 26.14406967163086, 24.342924118041992, 23.91750717163086, 23.567739486694336, 22.43585205078125, 20.816598892211914, 20.117088317871094, 19.40410041809082, 18.08793067932129, 16.73452377319336, 15.513487815856934, 14.705977439880371, 13.54527759552002, 12.256095886230469, 11.065300941467285, 9.979471206665039, 9.046489715576172, 8.027423858642578, 7.101497173309326, 6.338155269622803, 5.688967227935791, 5.128908634185791, 4.678299903869629, 4.314176559448242, 4.053875923156738, 3.9241955280303955, 3.7469382286071777, 3.6859591007232666, 3.6545498371124268, 3.5872535705566406, 3.53922176361084, 3.508915424346924, 3.4908335208892822, 3.4835426807403564, 3.4282002449035645, 3.416633367538452, 3.4499080181121826, 3.4087345600128174, 3.432835102081299, 3.4178245067596436, 3.365246295928955, 3.370004415512085, 3.392287254333496, 3.389857053756714, 3.3380866050720215, 3.329967498779297, 3.317039728164673, 3.3118340969085693, 3.335843801498413, 3.3073723316192627, 3.3503293991088867, 3.266014814376831, 3.3280484676361084, 3.232184886932373, 3.292633056640625, 3.1908931732177734, 3.277153253555298, 3.1848714351654053, 3.2043402194976807, 3.199331045150757, 3.174795150756836, 3.218148946762085, 3.1509857177734375, 3.144033432006836, 3.1585731506347656, 3.0872371196746826, 3.1683120727539062, 3.062692403793335, 3.059372663497925, 3.059464454650879, 3.0092406272888184, 3.0728695392608643, 3.025028705596924, 3.0279693603515625, 2.965576410293579, 3.010826826095581, 2.980990409851074, 2.955366373062134, 2.929297685623169, 2.9235565662384033, 2.9207727909088135, 2.9410738945007324, 2.8825643062591553, 2.9555258750915527, 2.8500916957855225, 2.843303918838501, 2.8360939025878906, 2.821263551712036, 2.7669200897216797, 2.7498388290405273, 2.71323561668396, 2.7319107055664062]}