{"loss": [0.5852898359298706, 0.5035830736160278, 0.4102560579776764, 0.29865482449531555, 0.17832708358764648, 0.0746338963508606, 0.037058740854263306, 0.03824581578373909, 0.0320267528295517, 0.028772735968232155, 0.02609069272875786, 0.023233605548739433, 0.020672155544161797, 0.018258919939398766, 0.016108928248286247, 0.013989513739943504, 0.012038599699735641, 0.010278563015162945, 0.00859780516475439, 0.007124885451048613, 0.005762145854532719, 0.004647889174520969, 0.0036304777022451162, 0.002810972509905696, 0.0021563188638538122, 0.0016844531055539846, 0.0012982178013771772, 0.0009957909351214767, 0.0007849983521737158, 0.000630580703727901, 0.0005142415757291019, 0.0004441176715772599, 0.0003941668546758592, 0.00036387081490829587, 0.00035211266367696226, 0.0003364209260325879, 0.000328313180943951, 0.00032225027098320425, 0.0003198342747054994, 0.00031187196145765483, 0.00030941562727093697, 0.0003077484725508839, 0.00030229141702875495, 0.00030857944511808455, 0.0002938560501206666, 0.00029873548191972077, 0.00028811130323447287, 0.000288039242150262, 0.00028576553449966013, 0.0002796606859192252, 0.00028352875960990787, 0.0002772642474155873, 0.0002727542305365205, 0.00026819496997632086, 0.0002642124891281128, 0.00026203610468655825, 0.0002569798962213099, 0.0002552548248786479, 0.00024990426027216017, 0.00024693855084478855, 0.00024291426234412938, 0.00023957375378813595, 0.00023743433121126145, 0.00023526826407760382, 0.00023026893904898316, 0.00022797523706685752, 0.000232923062867485, 0.00022299800184555352, 0.0002189104852732271, 0.0002225550706498325, 0.00021181897318456322, 0.00021287897834554315, 0.00020599827985279262, 0.00020375339954625815, 0.0002005957067012787, 0.0001967408024938777, 0.00019296095706522465, 0.00019098760094493628, 0.0001969693403225392, 0.00018582363554742187, 0.000183590964297764, 0.00017744573415257037, 0.00017488763842266053, 0.0001721777080092579, 0.00017209112411364913, 0.0001660626585362479, 0.0001694715756457299, 0.0001610600738786161, 0.00015963526675477624, 0.0001584188430570066, 0.00015396878006868064, 0.00015341429389081895, 0.00014662084868177772, 0.0001454447046853602, 0.00014335443847812712, 0.00014282605843618512, 0.0001424254587618634, 0.00013476960884872824, 0.0001325561897829175, 0.0001294384419452399], "root_mean_squared_error": [0.7650423645973206, 0.709635853767395, 0.6405123472213745, 0.5464932322502136, 0.4222879111766815, 0.27319204807281494, 0.19250646233558655, 0.1955653727054596, 0.17896020412445068, 0.16962528228759766, 0.1615261435508728, 0.15242573618888855, 0.14377814531326294, 0.13512557744979858, 0.12692095339298248, 0.11827727407217026, 0.10972055047750473, 0.10138324648141861, 0.09272435307502747, 0.08440903574228287, 0.07590880244970322, 0.06817542761564255, 0.06025344505906105, 0.05301860347390175, 0.04643617942929268, 0.04104208946228027, 0.036030787974596024, 0.031556155532598495, 0.02801782265305519, 0.0251113660633564, 0.022676894441246986, 0.021074099466204643, 0.019853636622428894, 0.01907539740204811, 0.018764665350317955, 0.018341781571507454, 0.018119415268301964, 0.017951330170035362, 0.017883911728858948, 0.017659896984696388, 0.01759021356701851, 0.0175427608191967, 0.017386529594659805, 0.01756642945110798, 0.01714223064482212, 0.0172839667648077, 0.016973841935396194, 0.01697171851992607, 0.016904601827263832, 0.016723059117794037, 0.01683831214904785, 0.016651254147291183, 0.016515271738171577, 0.016376659274101257, 0.016254615038633347, 0.016187530010938644, 0.01603059284389019, 0.015976697206497192, 0.015808360651135445, 0.01571427844464779, 0.015585706569254398, 0.015478170476853848, 0.015408904291689396, 0.015338457189500332, 0.015174615196883678, 0.015098849311470985, 0.015261816792190075, 0.014933117665350437, 0.01479562371969223, 0.014918279834091663, 0.014554002322256565, 0.014590372331440449, 0.014352640137076378, 0.01427422184497118, 0.014163181185722351, 0.014026432298123837, 0.013891038484871387, 0.013819826766848564, 0.014034576714038849, 0.013631714507937431, 0.01354957465082407, 0.01332087628543377, 0.013224508613348007, 0.01312165055423975, 0.013118350878357887, 0.0128865297883749, 0.013018124736845493, 0.012690944597125053, 0.012634685263037682, 0.01258645486086607, 0.012408415786921978, 0.012386051937937737, 0.012108709663152695, 0.012060046195983887, 0.011973071843385696, 0.01195098552852869, 0.01193421334028244, 0.01160903088748455, 0.011513304896652699, 0.011377101764082909], "mean_absolute_percentage_error": [105.97415161132812, 187.59654235839844, 300.7074279785156, 442.00018310546875, 632.3793334960938, 854.501953125, 1072.977294921875, 1137.9486083984375, 1051.2174072265625, 965.1460571289062, 917.3728637695312, 883.0623779296875, 840.1217651367188, 792.6253662109375, 740.8309326171875, 691.9028930664062, 643.6751098632812, 596.6665649414062, 546.64208984375, 498.31256103515625, 448.62591552734375, 402.12542724609375, 355.70330810546875, 313.2300720214844, 273.6449279785156, 240.40036010742188, 207.2064971923828, 176.9260711669922, 151.7699737548828, 129.82443237304688, 108.55670166015625, 88.75017547607422, 77.75642395019531, 67.33363342285156, 59.128726959228516, 54.3665771484375, 49.664546966552734, 45.87325668334961, 41.55130386352539, 38.84773635864258, 38.25502014160156, 34.81245803833008, 34.71004867553711, 31.476930618286133, 31.480558395385742, 31.56987762451172, 30.316898345947266, 31.717622756958008, 30.341632843017578, 30.49114418029785, 32.491668701171875, 28.289400100708008, 30.363759994506836, 30.14649200439453, 28.87968635559082, 30.818647384643555, 31.082773208618164, 29.66606903076172, 29.66177749633789, 28.643310546875, 27.744497299194336, 27.654077529907227, 27.985553741455078, 26.407493591308594, 27.068876266479492, 26.838634490966797, 28.6878719329834, 25.955656051635742, 27.91640281677246, 25.79841423034668, 27.12804412841797, 27.496929168701172, 24.454946517944336, 25.320741653442383, 23.68797492980957, 25.106382369995117, 24.700115203857422, 25.12388038635254, 21.92995262145996, 24.12346839904785, 24.7995548248291, 24.400897979736328, 23.708600997924805, 23.919475555419922, 23.91420555114746, 22.093219757080078, 19.09971046447754, 21.618648529052734, 20.52419662475586, 23.19582176208496, 20.886356353759766, 21.17088508605957, 19.990182876586914, 19.676921844482422, 18.157934188842773, 17.20787811279297, 18.749555587768555, 16.459125518798828, 18.10649871826172, 17.931686401367188]}