{"loss": [0.35395824909210205, 0.29406091570854187, 0.22694244980812073, 0.15146207809448242, 0.07562968879938126, 0.024477461352944374, 0.011419465765357018, 0.012709819711744785, 0.010148078203201294, 0.00961478240787983, 0.009134777821600437, 0.008528972044587135, 0.008051331155002117, 0.007450014818459749, 0.007130573969334364, 0.006459040101617575, 0.006066408473998308, 0.00550865987315774, 0.00498203607276082, 0.004511305131018162, 0.004066920839250088, 0.0036637105513364077, 0.0032238601706922054, 0.002791282255202532, 0.002440789481624961, 0.002106326399371028, 0.0018127986695617437, 0.0015404077712446451, 0.0012789308093488216, 0.00107219023630023, 0.0008788996492512524, 0.0007181591936387122, 0.0005956906825304031, 0.00046718810335732996, 0.0003840665449388325, 0.00030914292437955737, 0.00025665663997642696, 0.0002110043278662488, 0.00018214015290141106, 0.000164667988428846, 0.00014597727567888796, 0.00013387408398557454, 0.00012540267198346555, 0.00011633495887508616, 0.00011520028056111187, 0.00011251505929976702, 0.00011963984434260055, 0.00011336951138218865, 0.00010644533904269338, 0.00010808798106154427, 0.00010592006583465263, 0.00010630454198690131, 0.00010466890671523288, 0.00010896198364207521, 0.00010956139885820448, 0.00010417072917334735, 0.00010268860933138058, 0.00010476860916242003, 0.00010197725350735709, 0.00010324525646865368, 0.00010268331971019506, 0.00010240879055345431, 0.00010146069689653814, 0.00010109550203196704, 0.00010206726437900215, 0.00010826809739228338, 0.00010238440881948918, 0.00010337394633097574, 0.00010304188617737964, 0.00010312242375221103, 0.00010106622357852757, 9.921363380271941e-05, 0.00010036427556769922, 9.889810462482274e-05, 9.802325803320855e-05, 9.832680370891467e-05, 0.00010209080937784165, 9.760638931766152e-05, 0.00010218701208941638, 0.00010187052976107225, 0.00010329880751669407, 9.772051271283999e-05, 9.900362056214362e-05, 9.844466694630682e-05, 9.903112368192524e-05, 9.62260746746324e-05, 9.423439769307151e-05, 9.4691313279327e-05, 9.30186579353176e-05, 9.319990203948691e-05, 9.39365490921773e-05, 9.315348142990842e-05, 9.556372970109805e-05, 0.00010116964404005557, 9.321411926066503e-05, 9.395426604896784e-05, 9.134812717093155e-05, 9.043784666573629e-05, 9.093254629988223e-05, 9.078793664230034e-05], "root_mean_squared_error": [0.5949438810348511, 0.5422738194465637, 0.4763847589492798, 0.3891812860965729, 0.27500852942466736, 0.1564527451992035, 0.1068618968129158, 0.11273783445358276, 0.10073766857385635, 0.09805499762296677, 0.09557603299617767, 0.09235243499279022, 0.08972921222448349, 0.08631347119808197, 0.08444272726774216, 0.08036815375089645, 0.0778871551156044, 0.07422034442424774, 0.0705835372209549, 0.06716624647378922, 0.06377241760492325, 0.06052859127521515, 0.05677904561161995, 0.05283258855342865, 0.04940434545278549, 0.04589473083615303, 0.042576972395181656, 0.0392480306327343, 0.03576214239001274, 0.03274431452155113, 0.029646242037415504, 0.026798492297530174, 0.02440677583217621, 0.02161453478038311, 0.0195976160466671, 0.01758246123790741, 0.016020506620407104, 0.014525988139212132, 0.013495931401848793, 0.01283230260014534, 0.012082105502486229, 0.011570396833121777, 0.011198333464562893, 0.010785868391394615, 0.01073313970118761, 0.010607311502099037, 0.010937999933958054, 0.010647512041032314, 0.010317235253751278, 0.010396537370979786, 0.010291747748851776, 0.010310409590601921, 0.010230782441794872, 0.010438486002385616, 0.010467157699167728, 0.010206406004726887, 0.010133538395166397, 0.010235654190182686, 0.010098379105329514, 0.010160967707633972, 0.010133277624845505, 0.010119723156094551, 0.010072770528495312, 0.010054625570774078, 0.010102834552526474, 0.010405195876955986, 0.010118518024682999, 0.010167297907173634, 0.010150955058634281, 0.010154921561479568, 0.010053169913589954, 0.009960603900253773, 0.010018196888267994, 0.009944752790033817, 0.009900669567286968, 0.009915987029671669, 0.010103999637067318, 0.009879594668745995, 0.010108759626746178, 0.010093092918395996, 0.01016360241919756, 0.00988536886870861, 0.009950056672096252, 0.009921928867697716, 0.009951437823474407, 0.009809489361941814, 0.009707440622150898, 0.009730946272611618, 0.009644618257880211, 0.009654009714722633, 0.009692086838185787, 0.009651605039834976, 0.009775670245289803, 0.010058311745524406, 0.009654746390879154, 0.009693000465631485, 0.00955762155354023, 0.00950988195836544, 0.009535855613648891, 0.009528269991278648], "mean_absolute_percentage_error": [96.4909896850586, 86.6510009765625, 74.53089904785156, 58.25577163696289, 36.98688888549805, 17.91545295715332, 18.8074951171875, 20.885086059570312, 17.74916648864746, 16.00339698791504, 15.662906646728516, 15.83420467376709, 15.738505363464355, 14.834270477294922, 13.918487548828125, 13.667627334594727, 13.767406463623047, 13.06706428527832, 12.227631568908691, 11.679129600524902, 11.2163667678833, 10.36909294128418, 9.694615364074707, 9.294180870056152, 8.664548873901367, 8.053380966186523, 7.5640549659729, 6.998626232147217, 6.308727741241455, 5.7395477294921875, 5.296624183654785, 4.806652545928955, 4.234647750854492, 3.8387012481689453, 3.4621784687042236, 3.0955495834350586, 2.800405740737915, 2.5105128288269043, 2.301999092102051, 2.1700916290283203, 2.005277395248413, 1.9142200946807861, 1.8018640279769897, 1.72539222240448, 1.7308114767074585, 1.65774405002594, 1.7524546384811401, 1.6249401569366455, 1.6046942472457886, 1.606208324432373, 1.6007635593414307, 1.5520659685134888, 1.5788813829421997, 1.6380294561386108, 1.5290480852127075, 1.577168345451355, 1.562791347503662, 1.5808236598968506, 1.5404967069625854, 1.529556155204773, 1.5590178966522217, 1.5307106971740723, 1.5492873191833496, 1.5418169498443604, 1.5685933828353882, 1.5232816934585571, 1.5849791765213013, 1.518932580947876, 1.5816471576690674, 1.5018043518066406, 1.5552375316619873, 1.5094290971755981, 1.5537097454071045, 1.4900014400482178, 1.5195026397705078, 1.5199273824691772, 1.4974230527877808, 1.502090334892273, 1.5897825956344604, 1.4892141819000244, 1.6001813411712646, 1.5006052255630493, 1.5545369386672974, 1.4731138944625854, 1.5538451671600342, 1.5375193357467651, 1.4773105382919312, 1.469173789024353, 1.4834226369857788, 1.4712681770324707, 1.4961704015731812, 1.458693027496338, 1.450972318649292, 1.5705629587173462, 1.449083924293518, 1.5201773643493652, 1.4476230144500732, 1.4611749649047852, 1.435178279876709, 1.4666023254394531]}