{"loss": [0.29831045866012573, 0.24248532950878143, 0.18237027525901794, 0.11729760468006134, 0.06063885986804962, 0.02681335061788559, 0.02234639786183834, 0.020631039515137672, 0.017480093985795975, 0.015642546117305756, 0.013907424174249172, 0.011988306418061256, 0.010425054468214512, 0.008607511408627033, 0.007011657115072012, 0.005640389397740364, 0.004469772335141897, 0.0034443784970790148, 0.0026254281401634216, 0.0019616277422755957, 0.0014862495008856058, 0.0011306604137644172, 0.0008972106734290719, 0.0007352555985562503, 0.0006382552674040198, 0.0005861566751264036, 0.0005559436394833028, 0.0005359395872801542, 0.0005199000588618219, 0.0005115573294460773, 0.0005047483718954027, 0.00049831613432616, 0.0004918597987852991, 0.00048621586756780744, 0.0004880391061306, 0.0004564308328554034, 0.0004933613236062229, 0.00045333884190768003, 0.00045537060941569507, 0.00044511849409900606, 0.00042699382174760103, 0.000421995937358588, 0.0004194596840534359, 0.0004211896739434451, 0.0004046844260301441, 0.0004040864296257496, 0.0003884419857058674, 0.0003982243360951543, 0.0003757700906135142, 0.0003658295900095254, 0.00035370467230677605, 0.0003455869446042925, 0.0003439188585616648, 0.0003348608734086156, 0.00032333977287635207, 0.0003159843909088522, 0.0003138934262096882, 0.0003025783516932279, 0.0002939080004580319, 0.0002900949621107429, 0.0002915432269219309, 0.00027472624788060784, 0.000270058837486431, 0.00026571203488856554, 0.0002513341896701604, 0.0002468738821335137, 0.000245406903559342, 0.00023286908981390297, 0.00022794956748839468, 0.00022309727501124144, 0.00021386648586485535, 0.00020832890004385263, 0.0002009104791795835, 0.0001930120779434219, 0.00018755372730083764, 0.00018438496044836938, 0.0001771197421476245, 0.00017422225209884346, 0.00016664678696542978, 0.00015876904944889247, 0.00015277783677447587, 0.00014931581972632557, 0.00014652412210125476, 0.00013662701530847698, 0.00013253354700282216, 0.00012691199663095176, 0.0001225511950906366, 0.00011769156844820827, 0.00011294332216493785, 0.00011089914914919063, 0.00010547241254244, 0.00010094378376379609, 9.841598512139171e-05, 9.124064672505483e-05, 9.041264274856076e-05, 8.64336543600075e-05, 7.968406862346455e-05, 7.81255221227184e-05, 7.251118950080127e-05, 6.914528785273433e-05], "root_mean_squared_error": [0.5461780428886414, 0.4924280047416687, 0.42704832553863525, 0.3424873650074005, 0.24624958634376526, 0.16374783217906952, 0.14948712289333344, 0.143635094165802, 0.1322123110294342, 0.12507016956806183, 0.11792974174022675, 0.10949112474918365, 0.10210315883159637, 0.09277667850255966, 0.0837356373667717, 0.07510252296924591, 0.06685635447502136, 0.058688826858997345, 0.051238931715488434, 0.044290266931056976, 0.03855190798640251, 0.033625293523073196, 0.029953476041555405, 0.02711559645831585, 0.02526371367275715, 0.024210672825574875, 0.023578457534313202, 0.02315036952495575, 0.022801317274570465, 0.022617632523179054, 0.02246660552918911, 0.022322995588183403, 0.022177912294864655, 0.02205030247569084, 0.022091606631875038, 0.0213642418384552, 0.02221173793077469, 0.02129175513982773, 0.0213394146412611, 0.021097831428050995, 0.020663829520344734, 0.020542539656162262, 0.020480714738368988, 0.02052290551364422, 0.020116770640015602, 0.02010190114378929, 0.01970893144607544, 0.019955558702349663, 0.01938479021191597, 0.01912667229771614, 0.01880703866481781, 0.018589969724416733, 0.01854505017399788, 0.018299203366041183, 0.017981650307774544, 0.017775949090719223, 0.017717037349939346, 0.01739477925002575, 0.017143744975328445, 0.01703217439353466, 0.01707463711500168, 0.016574867069721222, 0.016433466225862503, 0.01630067639052868, 0.0158535223454237, 0.01571222022175789, 0.015665467828512192, 0.015260049141943455, 0.015097999013960361, 0.01493644155561924, 0.014624174684286118, 0.014433602802455425, 0.01417428907006979, 0.013892878778278828, 0.013695025816559792, 0.013578842394053936, 0.013308634050190449, 0.013199327513575554, 0.012909174896776676, 0.012600359506905079, 0.01236033346503973, 0.012219484895467758, 0.012104715220630169, 0.011688755825161934, 0.011512321420013905, 0.011265522800385952, 0.011070284061133862, 0.010848574340343475, 0.010627479292452335, 0.01053086668252945, 0.01026997622102499, 0.010047078132629395, 0.009920483455061913, 0.009551997296512127, 0.009508556686341763, 0.009296970441937447, 0.008926593698561192, 0.008838864043354988, 0.00851535052061081, 0.008315364830195904], "mean_absolute_percentage_error": [94.28457641601562, 80.71647644042969, 68.24295806884766, 57.19920349121094, 53.468875885009766, 56.71917724609375, 67.49964141845703, 64.84857940673828, 58.2030029296875, 54.15843200683594, 50.822296142578125, 48.52410125732422, 46.7301139831543, 42.38485336303711, 38.285064697265625, 35.48870086669922, 31.73274040222168, 28.35381317138672, 25.28551483154297, 22.255403518676758, 19.386165618896484, 17.35761260986328, 15.575348854064941, 13.968119621276855, 12.992311477661133, 12.246150016784668, 11.673211097717285, 11.254620552062988, 10.924932479858398, 10.660881996154785, 10.463417053222656, 10.321599960327148, 10.182085990905762, 10.07247257232666, 10.145811080932617, 9.871191024780273, 9.84165096282959, 9.82977294921875, 9.935227394104004, 9.794201850891113, 9.609936714172363, 9.46139907836914, 9.321860313415527, 9.215654373168945, 9.182418823242188, 9.142814636230469, 9.088228225708008, 9.024994850158691, 8.840845108032227, 8.647928237915039, 8.522734642028809, 8.469326972961426, 8.480550765991211, 8.464584350585938, 8.31518268585205, 8.196803092956543, 8.121204376220703, 8.000602722167969, 7.887840747833252, 7.763252258300781, 7.680500030517578, 7.574024677276611, 7.4442596435546875, 7.334810256958008, 7.268354892730713, 7.217010974884033, 7.145369052886963, 7.04153299331665, 6.940156936645508, 6.8140549659729, 6.5710835456848145, 6.374799728393555, 6.373680591583252, 6.380379676818848, 6.355104446411133, 6.322649955749512, 6.186917304992676, 6.054140090942383, 5.909843921661377, 5.817718982696533, 5.703038692474365, 5.619606971740723, 5.632397174835205, 5.506230354309082, 5.324052810668945, 5.175471305847168, 5.0485639572143555, 5.0323686599731445, 4.997560024261475, 4.9158830642700195, 4.831742286682129, 4.653508186340332, 4.508675575256348, 4.403458595275879, 4.354454040527344, 4.279568672180176, 4.12318229675293, 4.0204596519470215, 3.8936173915863037, 3.7881059646606445]}