{"loss": [0.2979891896247864, 0.24667680263519287, 0.19147467613220215, 0.13213758170604706, 0.0769074335694313, 0.03681563213467598, 0.024068225175142288, 0.02408197894692421, 0.020749233663082123, 0.018005691468715668, 0.01571875810623169, 0.013419338501989841, 0.01108515914529562, 0.009144826792180538, 0.007305481471121311, 0.005624208599328995, 0.004229371435940266, 0.0030608715023845434, 0.0021794589702039957, 0.0015532004181295633, 0.0011175255058333278, 0.000870109535753727, 0.0007206431473605335, 0.0006353774224407971, 0.0005932850181125104, 0.000564136600587517, 0.0005531851202249527, 0.0005477037630043924, 0.0005337871261872351, 0.0005278810858726501, 0.0005164610920473933, 0.0005123636801727116, 0.0005067791789770126, 0.0004898682236671448, 0.00047706664190627635, 0.0004803679184988141, 0.00045820753439329565, 0.0004519137437455356, 0.0004406546941027045, 0.0004336510319262743, 0.000421325268689543, 0.0004118720826227218, 0.0004023350484203547, 0.00039250386180356145, 0.0003836819378193468, 0.0003768547612708062, 0.0003643293457571417, 0.0003570221597328782, 0.00034416638663969934, 0.00033490656642243266, 0.0003268904983997345, 0.0003323521523270756, 0.00032290577655658126, 0.0002977836411446333, 0.00028985500102862716, 0.00029575859662145376, 0.0002730331907514483, 0.000262223620666191, 0.0002545776660554111, 0.00024319330987054855, 0.00024637847673147917, 0.0002275150181958452, 0.00022168317809700966, 0.00021275997278280556, 0.00020959426183253527, 0.00019027682719752192, 0.00018812007328961045, 0.00017624429892748594, 0.0001691672223387286, 0.00016043636424001306, 0.00015490269288420677, 0.00014550655032508075, 0.00013945522368885577, 0.00013311259681358933, 0.00013025247608311474, 0.00012990190589334816, 0.00011840934894280508, 0.00010677199315978214, 0.00010105883848154917, 9.489423973718658e-05, 8.927355520427227e-05, 8.564782910980284e-05, 7.990641461219639e-05, 7.507849659305066e-05, 7.02123943483457e-05, 6.50895235594362e-05, 6.130523252068087e-05, 5.790359864477068e-05, 5.428121949080378e-05, 4.908171104034409e-05, 4.6565830416511744e-05, 4.213857027934864e-05, 3.951127655454911e-05, 3.7077297747600824e-05, 3.430066863074899e-05, 3.111423211521469e-05, 2.847706673492212e-05, 2.621981366246473e-05, 2.4728111384320073e-05, 2.3228047211887315e-05], "root_mean_squared_error": [0.54588383436203, 0.49666568636894226, 0.4375782012939453, 0.36350733041763306, 0.2773219048976898, 0.19187399744987488, 0.15513937175273895, 0.15518368780612946, 0.14404594898223877, 0.1341852843761444, 0.1253744661808014, 0.11584186553955078, 0.10528608411550522, 0.09562858939170837, 0.08547210693359375, 0.07499472051858902, 0.06503361463546753, 0.05532514303922653, 0.04668467491865158, 0.03941066190600395, 0.03342941030859947, 0.029497619718313217, 0.026844797655940056, 0.02520669437944889, 0.024357443675398827, 0.02375156059861183, 0.023519888520240784, 0.023403070867061615, 0.023103833198547363, 0.022975662723183632, 0.022725779563188553, 0.022635452449321747, 0.022511756047606468, 0.02213296666741371, 0.021841855719685555, 0.021917296573519707, 0.02140578255057335, 0.021258262917399406, 0.020991776138544083, 0.020824288949370384, 0.020526209846138954, 0.020294632762670517, 0.020058291032910347, 0.019811710342764854, 0.019587799906730652, 0.019412746652960777, 0.0190874133259058, 0.01889503002166748, 0.018551722168922424, 0.018300453200936317, 0.01808011345565319, 0.018230527639389038, 0.017969578504562378, 0.01725640892982483, 0.01702512800693512, 0.017197633162140846, 0.01652371510863304, 0.016193320974707603, 0.015955490991473198, 0.015594656579196453, 0.0156964473426342, 0.015083600766956806, 0.01488902885466814, 0.014586294069886208, 0.01447737030684948, 0.013794086873531342, 0.013715687207877636, 0.01327570341527462, 0.013006430119276047, 0.012666347436606884, 0.012445990927517414, 0.012062609195709229, 0.01180911622941494, 0.011537442915141582, 0.011412820778787136, 0.011397452093660831, 0.010881605558097363, 0.010333053767681122, 0.010052802972495556, 0.009741367772221565, 0.009448468685150146, 0.00925461109727621, 0.008939038962125778, 0.008664784952998161, 0.008379283361136913, 0.008067808113992214, 0.007829765789210796, 0.007609441410750151, 0.00736757880076766, 0.007005834020674229, 0.006823915988206863, 0.006491422653198242, 0.006285799667239189, 0.006089113187044859, 0.005856677424162626, 0.005578013136982918, 0.005336390808224678, 0.005120528861880302, 0.004972736816853285, 0.004819548223167658], "mean_absolute_percentage_error": [35783.2109375, 172946.71875, 316929.78125, 559100.875, 699145.8125, 899141.125, 1178486.0, 1153611.5, 1092274.875, 1000472.875, 968190.6875, 871946.0, 829007.1875, 795384.6875, 709541.9375, 641190.375, 599616.0625, 540682.0, 496325.96875, 411927.0, 385681.3125, 323691.9375, 315029.65625, 281914.59375, 263424.0, 247962.984375, 238354.71875, 233740.90625, 225506.046875, 225487.109375, 224237.203125, 220407.71875, 228018.8125, 216318.109375, 216495.546875, 221207.0625, 213857.828125, 211666.140625, 215286.65625, 208820.0625, 209526.265625, 206784.828125, 205127.28125, 198150.390625, 194236.09375, 196482.25, 192041.828125, 187493.015625, 188136.78125, 184582.234375, 182699.0, 186895.046875, 167198.828125, 170267.53125, 168360.640625, 156907.65625, 166278.09375, 168080.296875, 160357.890625, 161645.5625, 150454.78125, 155780.25, 142550.21875, 147714.96875, 134147.78125, 134278.859375, 133753.84375, 129199.8515625, 130804.4765625, 130097.78125, 119665.3984375, 116760.0390625, 116762.7265625, 112383.2109375, 115664.578125, 106679.234375, 113136.328125, 100078.1171875, 98632.75, 95525.703125, 94147.546875, 95368.421875, 88648.1953125, 86982.5703125, 81914.3515625, 79898.5, 78727.8359375, 77329.359375, 72998.171875, 70505.53125, 70372.6015625, 67236.5390625, 62386.73828125, 61266.2265625, 61457.37109375, 59682.953125, 55280.55078125, 52982.484375, 52077.32421875, 48045.3203125]}